{"cameraMode":{"drawMode":0,"name":"Shaded","section":"Shading Mode"},"sceneLighting":false,"audioPlay":false,"sceneViewState":{"m_AlwaysRefresh":false,"showFog":true,"showSkybox":false,"showFlares":true,"showImageEffects":true,"showParticleSystems":true,"showVisualEffectGraphs":true,"m_FxEnabled":true},"in2DMode":false,"pivot":{"x":22.300012588500978,"y":7.039048194885254,"z":24.878284454345704},"rotation":{"x":0.056064505130052569,"y":-0.9297571778297424,"z":0.3271431624889374,"w":0.15941156446933747},"size":2.829904556274414,"orthographic":false}